station [id],station [status],occupancy,speed,volume
200,ok,15.222221,68.89951,14.0
1444,ok,0.9444444,51.248524,1.0
330,ok,9.111111,72.19252,10.5
324,ok,7.7222223,58.59114,9.5
477,ok,4.0,65.22287,6.0
1608,ok,11.666667,73.90682,12.666667
1471,ok,6.416667,79.49166,6.5
1507,ok,3.7777777,68.795204,4.3333335
1781,ok,3.4166667,83.46888,5.5
141,ok,16.36111,80.90909,15.5
312,ok,4.388889,56.840134,5.5
398,ok,4.9259257,63.37345,7.0
1776,ok,1.8055556,91.062965,2.5
880,ok,5.9444447,69.230774,7.6666665
505,ok,6.0,75.812935,5.6666665
313,ok,7.4166665,66.09232,12.0
904,ok,0.7222222,61.370575,1.0
T3509,ok,4.962963,-1.0,5.6666665
781,ok,12.018519,67.0,13.333333
486,ok,5.425926,61.20041,8.333333
744,ok,8.583333,83.90292,8.0
1503,ok,8.138889,52.1324,7.5
548,ok,12.388889,64.1661,12.0
745,ok,6.4444447,66.51695,8.0
1014,ok,3.2962964,66.10672,5.6666665
1543,ok,2.9166667,91.18064,6.0
458,ok,10.694445,85.31468,12.5
466,ok,9.166667,70.05205,8.25
1400,ok,9.166667,59.627968,11.0
1357,ok,2.9074075,77.266235,3.6666667
712,ok,6.2407403,77.666664,6.3333335
498,ok,4.4444447,66.42128,6.5
527,ok,4.5277777,62.910843,6.0
1571,ok,7.9722223,68.57382,8.0
405,ok,2.0185184,70.014755,2.3333333
878,ok,4.814815,68.69463,7.0
352,ok,7.2777777,85.68823,10.0
226,ok,8.277778,58.391758,10.333333
1705,ok,14.194445,83.046776,13.0
206,ok,11.37037,58.5,14.666667
701,ok,4.111111,76.92679,4.5
19,ok,9.694445,81.82577,11.5
1069,ok,6.7037034,63.527824,8.333333
354,ok,7.8333335,68.30756,9.5
670,ok,9.25,59.840714,11.0
299,ok,8.907407,76.6429,9.666667
1119,ok,6.685185,69.172035,8.0
1496,ok,4.4444447,76.33595,6.0
1070,ok,0.90740746,92.57379,1.0
1534,ok,1.5277778,66.0,2.0
730,ok,13.861112,71.59091,15.0
249,ok,5.708333,69.9752,7.25
1728,ok,1.4722222,74.27421,2.0
1032,ok,5.3333335,77.0,7.3333335
340,ok,4.8055553,83.74559,6.0
608,ok,2.7222223,67.77877,3.0
1542,ok,5.1666665,62.190086,6.5
808,ok,7.888889,68.59694,12.0
827,ok,8.111112,73.95776,9.333333
444,ok,8.759259,85.46537,9.666667
163,ok,6.3333335,65.33979,9.75
1137,ok,10.351852,91.06791,12.333333
1527,ok,3.2592592,71.02664,3.3333333
1423,ok,6.5833335,68.995766,7.5
1500,ok,5.861111,91.83069,7.5
6,ok,12.625,63.961044,14.0
191,ok,8.541667,73.355095,10.0
1454,ok,5.9444447,67.197296,6.0
1190,ok,5.0925927,66.48264,5.6666665
251,ok,5.916667,73.92499,7.25
72,ok,6.9166665,71.73428,7.5
471,ok,4.4259257,71.64463,5.6666665
356,ok,8.222222,86.286194,10.5
609,ok,6.166667,62.536674,7.0
1508,ok,11.388888,69.704956,11.333333
452,ok,7.2777777,72.989944,8.0
696,ok,5.0370374,70.152374,6.3333335
347,ok,3.5,78.60255,4.5
1526,ok,6.814815,66.76948,7.0
402,ok,3.2037039,73.13544,5.0
1569,ok,5.1944447,89.18591,5.5
1104,ok,3.0555556,70.9893,2.5
434,ok,8.555555,58.66591,7.5
1176,ok,6.5,61.35881,5.0
978,ok,5.361111,49.825176,7.0
293,ok,4.351852,75.09086,4.6666665
1413,ok,4.75,70.1049,6.5
439,ok,10.583333,93.16116,12.5
440,ok,8.694445,73.1629,8.0
308,ok,5.75,62.925133,7.0
126,ok,6.2777777,71.7612,8.75
1208,ok,5.9074073,74.950584,6.3333335
592,ok,8.305555,78.24231,11.0
883,ok,2.388889,71.617,3.6666667
1772,ok,3.3333333,84.925476,4.0
368,ok,3.5,70.909096,4.0
750,ok,4.5555553,63.903446,6.5
967,ok,4.1666665,73.816185,5.0
69,ok,8.194445,66.88312,10.0
1458,ok,2.5444446,56.082336,3.4
977,ok,5.805556,72.51399,8.0
16,ok,8.694445,81.508484,9.5
517,ok,10.740741,62.11199,12.0
1136,ok,4.138889,71.638115,4.5
634,ok,4.351852,55.120163,6.3333335
1521,ok,2.1388888,69.74442,3.0
889,ok,3.4444447,83.48416,5.0
1235,ok,1.8333333,81.623436,3.0
945,ok,3.8333335,74.5,5.0
659,ok,9.333333,82.27272,10.333333
1474,ok,3.4444444,85.38465,3.5
224,ok,8.592592,57.58163,8.666667
256,ok,8.111111,70.43258,10.5
1142,ok,2.5,64.56459,3.0
306,ok,5.5,73.63637,6.5
540,ok,4.361111,67.315475,5.0
1627,ok,4.8333335,67.09331,6.0
504,ok,3.9444444,77.58621,5.0
863,ok,7.537037,60.629368,10.0
1777,ok,2.2777777,85.191826,3.0
392,ok,9.092593,78.78372,11.0
838,ok,14.416666,65.26943,11.5
T3517,ok,10.907407,56.997734,10.666667
1721,ok,5.5555553,53.666668,5.0
339,ok,7.75,76.0,9.0
1078,ok,19.694443,65.683945,14.5
1548,ok,11.222222,51.55054,12.5
131,ok,2.1944444,81.62875,5.0
523,ok,6.0277777,89.71983,8.0
927,ok,6.574074,67.36249,8.0
728,ok,22.527779,67.17112,18.5
897,ok,2.9166667,61.19516,4.5
448,ok,5.7222223,87.64841,6.0
643,ok,1.0555556,73.270706,1.0
491,ok,12.638889,57.272728,13.0
344,ok,13.361111,57.577637,12.5
282,ok,6.9814816,54.67132,7.6666665
1490,ok,3.5277777,65.00111,4.5
932,ok,9.694445,81.10122,11.0
1097,ok,7.1666665,64.97688,9.0
943,ok,2.6111112,93.34238,3.5
275,ok,8.805555,80.62721,10.5
982,ok,10.296296,74.63129,12.333333
736,ok,6.7777777,76.95809,8.0
1133,ok,5.0277777,73.818924,3.5
218,ok,6.9814816,88.0,8.0
418,ok,4.0925927,69.36923,5.0
940,ok,4.388889,70.08435,5.5
1079,ok,13.833334,84.42513,14.0
1544,ok,2.0,68.199036,2.5
571,ok,6.814815,78.56494,9.0
1509,ok,3.8888886,68.2058,5.0
483,ok,8.092593,87.244545,9.0
T3500,ok,4.722222,74.18853,7.0
737,ok,4.638889,70.666664,6.0
1415,ok,7.2222223,71.282394,8.5
1096,ok,5.4814816,85.108505,6.6666665
1068,ok,5.574074,87.229256,7.0
188,ok,10.148149,73.59555,11.333333
1495,ok,3.8888888,73.10241,4.5
T3513,ok,13.055556,80.96591,12.333333
1537,ok,5.0,56.666668,7.0
1817,ok,7.0925922,92.79158,7.3333335
54,ok,11.402777,59.0,11.0
1229,ok,5.111111,54.20637,6.0
438,ok,10.25,81.5,12.0
1815,ok,13.722222,72.575226,11.666667
1060,ok,6.685185,61.333332,5.3333335
916,ok,10.185185,60.93037,11.0
618,ok,3.5555556,74.76483,4.5
593,ok,13.833334,61.21212,14.5
5,ok,12.625,61.892086,13.75
1095,ok,5.7222223,74.43885,7.0
1424,ok,10.416667,78.14928,9.5
1156,ok,3.5,70.387695,4.0
303,ok,4.0,74.93825,6.0
1117,ok,8.685185,63.31261,9.0
34,ok,10.305555,69.739075,8.5
905,ok,2.0555556,50.604935,3.0
1108,ok,21.055555,89.72049,14.0
615,ok,9.055555,44.901306,12.0
1539,ok,3.5833335,64.26084,3.5
1009,ok,7.277777,53.675552,8.0
123,ok,5.7916665,75.077644,7.75
231,ok,8.685185,60.123966,9.0
948,ok,5.2222223,74.22562,6.5
995,ok,1.7222222,77.013596,2.0
1189,ok,2.7592592,60.145065,3.3333333
727,ok,19.944445,86.62583,19.5
560,ok,8.12963,65.99674,9.0
9,ok,9.185185,50.198944,10.666667
611,ok,9.277778,74.68803,10.5
194,ok,20.851852,71.36512,10.0
1462,ok,1.6666666,43.598923,2.3333333
561,ok,10.018519,78.961334,9.333333
135,ok,4.2592597,54.38676,5.6666665
379,ok,5.814815,67.55353,7.0
847,ok,10.944445,66.69373,9.0
616,ok,7.9444447,55.72866,10.5
40,ok,10.916667,64.25796,13.0
1403,ok,13.611111,72.90076,16.0
270,ok,7.138889,72.93722,8.5
378,ok,6.685185,69.255264,8.0
1502,ok,4.3055553,67.667,5.0
739,ok,6.583333,84.0414,7.0
575,ok,9.240741,71.78747,10.666667
1419,ok,7.944444,56.041676,9.5
975,ok,4.7592597,96.79208,6.0
497,ok,3.6666665,76.684074,5.0
1140,ok,8.666667,59.783054,10.0
635,ok,9.833333,86.53846,12.0
652,ok,8.351851,67.97203,10.666667
1186,ok,3.6296299,63.90601,3.3333333
1174,ok,3.5,73.59156,4.0
1388,ok,1.6944444,78.75,2.5
475,ok,7.814815,88.877014,7.0
79,ok,7.037037,72.33112,8.0
691,ok,4.759259,76.45449,5.0
1609,ok,7.462963,79.33908,8.333333
1223,ok,10.055555,74.828804,9.5
802,ok,7.9444447,73.0,9.0
109,ok,13.555556,58.188175,14.333333
279,ok,5.9166665,56.82104,7.5
910,ok,6.4444447,57.57245,8.0
1386,ok,5.111111,87.63318,6.3333335
996,ok,3.1296299,73.42089,4.0
T3515,ok,6.9444447,63.87924,6.0
718,ok,9.777778,57.0,11.5
681,ok,4.75,72.46074,6.0
703,ok,4.916667,78.37257,5.5
257,ok,4.2222223,78.06561,6.5
332,ok,3.3055556,85.51652,4.5
1022,ok,7.925926,61.860672,11.0
287,ok,13.259259,79.93512,14.333333
48,ok,6.7777777,63.911835,8.5
1163,ok,0.7777778,84.1534,1.0
846,ok,16.166668,87.27272,11.5
262,ok,8.138889,57.868034,7.5
172,ok,10.444445,45.721527,11.333333
594,ok,12.5,70.91351,16.0
3,ok,12.972221,67.34593,10.5
814,ok,2.7592592,49.549393,4.3333335
950,ok,5.037037,77.39172,6.3333335
269,ok,2.9166665,77.83755,3.5
702,ok,4.1666665,70.22728,4.5
890,ok,4.0,64.13637,5.3333335
531,ok,8.444445,80.54284,8.0
582,ok,11.833334,57.872627,11.5
954,ok,6.083333,52.69835,6.0
165,ok,9.203704,65.846825,10.0
137,ok,2.8194444,79.1162,4.5
292,ok,5.4074073,74.62749,6.3333335
419,ok,5.6296296,74.79874,6.6666665
1757,ok,8.361111,68.08167,9.5
1375,ok,4.75,69.5,6.5
417,ok,6.7407403,87.20061,7.6666665
1545,ok,2.4166667,62.701477,3.0
39,ok,9.361111,84.9847,10.5
138,ok,7.7777777,75.38284,8.5
272,ok,10.944445,52.405697,11.5
1212,ok,5.9722223,67.74068,7.5
234,ok,7.1481476,79.0,9.666667
456,ok,6.2777777,92.48706,8.5
1379,ok,1.8333334,77.53698,2.5
1612,ok,5.8888893,88.06818,7.6666665
1356,ok,11.092593,66.64267,8.0
1555,ok,4.0555553,73.333336,4.5
785,ok,7.083333,80.44144,7.75
71,ok,6.4722223,64.49665,7.5
757,ok,6.638889,78.786255,8.5
1766,ok,8.074075,70.32357,8.666667
970,ok,10.361111,64.149284,11.5
451,ok,11.666667,67.87538,13.0
706,ok,15.083334,67.94656,15.0
713,ok,8.37037,63.99669,7.6666665
559,ok,10.518519,74.76136,9.666667
981,ok,10.240741,47.960827,12.0
624,ok,11.555555,73.73417,10.5
1116,ok,7.7037034,49.91696,11.0
24,ok,9.611111,92.77664,11.0
244,ok,3.0555553,75.70798,4.0
1520,ok,2.7222223,69.32349,3.0
960,ok,7.416667,69.10715,9.0
542,ok,9.537038,74.21291,12.0
630,ok,5.4444447,70.459595,6.3333335
686,ok,2.574074,65.0286,3.0
742,ok,7.1666665,81.35964,10.0
1401,ok,6.7222223,74.56981,6.0
140,ok,12.611111,64.61332,14.0
184,ok,4.3333335,60.128384,5.0
242,ok,4.759259,86.53846,8.0
723,ok,15.888889,63.77231,14.5
965,ok,4.6944447,61.45661,6.0
179,ok,9.166667,62.323807,8.0
294,ok,6.4074073,65.454544,8.0
370,ok,11.333333,78.47538,8.0
437,ok,12.416667,62.56685,14.5
1362,ok,6.222223,72.379654,7.0
1154,ok,6.4722223,69.0,8.0
725,ok,17.583332,75.88104,19.0
513,ok,10.611112,54.97238,13.666667
316,ok,27.166668,79.00499,16.5
210,ok,9.805555,21.109463,10.5
220,ok,5.574074,62.052643,7.0
50,ok,8.416666,90.297264,10.5
1030,ok,4.351852,70.540115,6.0
T3514,ok,12.759259,79.8614,11.666667
840,ok,6.138889,58.333332,7.5
258,ok,2.625,76.37974,3.0
990,ok,10.666667,65.730606,11.0
225,ok,6.8333335,69.63609,8.333333
653,ok,2.7222223,83.29924,3.5
1799,ok,8.944445,73.09809,10.0
839,ok,13.027778,55.900623,12.0
213,ok,9.722222,51.581688,13.0
1393,ok,13.805555,85.09091,13.0
799,ok,3.0,73.030334,2.3333333
820,ok,8.055555,54.52349,9.5
1732,ok,6.111111,73.468544,7.0
1819,ok,13.074074,73.0,13.333333
1525,ok,2.2222223,54.0,1.3333334
891,ok,7.3333335,60.97396,9.666667
693,ok,2.4444444,68.42424,3.5
1168,ok,3.25,73.147865,4.0
1084,ok,6.3333335,93.465904,9.0
1710,ok,7.7499995,94.52921,9.75
1573,ok,4.4444447,72.75,5.5
222,ok,2.3888888,79.02673,3.5
1023,ok,2.8148148,78.761116,4.0
295,ok,7.8703704,92.60696,9.333333
1026,ok,6.2777777,80.336914,9.0
487,ok,5.2037034,70.70395,6.0
1529,ok,4.8703704,77.7096,5.3333335
469,ok,10.611111,81.33651,12.75
1497,ok,4.25,59.345066,5.0
1754,ok,4.2777777,84.70589,3.5
397,ok,3.3703706,75.5,4.0
480,ok,8.597222,81.64556,10.25
1431,ok,8.277778,75.55676,9.0
331,ok,9.5,70.95534,10.5
1043,ok,6.75,62.679424,7.0
1530,ok,1.4722223,62.00364,2.0
551,ok,5.736111,92.94455,6.25
1549,ok,8.805555,60.18971,10.5
342,ok,11.361111,86.87583,12.5
1707,ok,9.208333,65.4771,9.75
836,ok,12.722222,57.75,11.0
45,ok,10.222221,51.0917,11.0
1498,ok,7.861111,68.2125,10.0
1103,ok,3.0555556,75.69002,3.0
1397,ok,13.111112,58.57438,13.5
514,ok,11.537037,79.02056,12.0
812,ok,6.9814816,73.51482,9.666667
822,ok,4.1666665,69.35544,5.0
1532,ok,1.5555556,75.68182,2.0
567,ok,12.074074,75.85767,13.0
1372,ok,6.6944447,57.12456,8.0
901,ok,6.5555553,77.41024,8.5
1488,ok,7.4444447,81.62315,9.5
1144,ok,4.4722223,67.298676,5.5
12,ok,8.291667,82.49251,9.5
42,ok,4.5277777,62.68901,7.0
876,ok,0.9444444,71.04131,2.0
478,ok,7.148148,116.56685,8.0
26,ok,13.111111,72.22487,14.5
850,ok,9.833333,75.7452,10.5
229,ok,8.740741,69.89416,10.0
700,ok,8.805555,77.200584,9.0
406,ok,5.722223,70.72151,8.666667
384,ok,4.222222,90.2796,5.6666665
41,ok,3.9814816,67.76122,5.6666665
1717,ok,20.333334,87.43261,14.0
1764,ok,3.3333335,34.42623,5.0
1164,ok,2.6944444,73.0,3.5
1371,ok,7.7777777,93.866745,8.5
1048,ok,8.944445,68.59358,10.5
196,ok,29.462965,73.559746,13.0
174,ok,10.527778,32.666668,11.0
1416,ok,7.3333335,71.5966,7.5
1491,ok,4.833333,77.545456,12.5
1010,ok,6.763889,111.77963,6.75
180,ok,7.7222223,69.006424,9.0
1489,ok,7.0277777,79.4637,8.5
823,ok,6.1666665,72.83534,7.0
1021,ok,7.1666665,74.306305,8.666667
266,ok,5.2222223,84.988045,5.5
951,ok,8.574074,60.69687,9.666667
65,ok,4.6944447,78.531075,4.5
1524,ok,2.5,55.23079,2.6666667
855,ok,8.361111,76.43188,10.5
819,ok,2.5277777,74.2,1.5
591,ok,5.0833335,63.324585,6.5
1109,ok,20.925926,69.46169,10.666667
407,ok,0.9814815,30.57929,1.3333334
186,ok,8.388888,69.73427,11.666667
581,ok,7.3888893,64.0,8.666667
811,ok,11.851851,57.437687,12.0
601,ok,12.805555,72.21815,13.5
900,ok,8.888889,69.4872,10.0
1196,ok,6.555556,65.334984,7.3333335
576,ok,4.444444,78.81083,5.5
443,ok,17.916666,57.83239,17.5
1027,ok,2.7777777,53.58276,5.0
541,ok,4.0,133.91255,4.0
1810,ok,7.185185,57.128902,8.0
68,ok,10.611111,59.666668,11.5
1175,ok,6.4722223,57.44433,8.0
538,ok,5.611111,80.619644,7.5
136,ok,8.111112,72.40903,8.5
709,ok,9.416666,66.308716,11.0
903,ok,3.5555553,76.36835,6.0
185,ok,6.166667,77.23398,7.25
862,ok,4.0185184,66.25,5.0
789,ok,6.2083335,77.513176,7.0
1760,ok,4.5,77.875626,5.0
668,ok,8.833334,74.5,8.75
607,ok,5.5277777,71.44963,7.5
872,ok,5.111111,60.060493,5.0
T3512,ok,12.722222,58.704544,13.0
1762,ok,8.361111,58.0,10.0
613,ok,10.25,73.5,12.0
207,ok,6.7777777,69.046555,9.0
1756,ok,8.111111,87.34502,8.0
1083,ok,8.222222,74.0,8.5
395,ok,6.7222223,66.42305,13.0
1120,ok,6.4444447,82.19009,7.3333335
1614,ok,12.861111,75.670166,14.5
824,ok,13.083334,68.422485,14.5
1107,ok,21.425926,65.94116,14.333333
920,ok,3.8055553,43.570908,4.0
10,ok,11.958333,82.419205,14.25
1410,ok,6.6111107,69.32297,7.0
1567,ok,2.75,72.39654,3.0
680,ok,4.916667,76.37598,5.0
1051,ok,10.333333,81.82443,9.666667
638,ok,6.6666665,72.42508,9.0
1558,ok,4.7777777,64.431816,6.5
1712,ok,6.222223,92.857765,8.0
431,ok,11.972222,69.0,14.0
134,ok,3.0555556,67.94263,5.0
870,ok,2.75,80.61964,2.5
1773,ok,6.3055553,56.61157,9.0
1173,ok,5.638889,72.05124,7.5
974,ok,5.0740743,85.65639,6.6666665
597,ok,12.666667,83.3756,15.0
1152,ok,10.861111,72.3224,11.0
17,ok,4.3055553,63.342064,5.0
360,ok,4.8333335,68.11774,6.5
329,ok,4.0,79.91441,6.5
1380,ok,5.361111,80.15874,7.0
944,ok,2.0277777,79.495186,2.5
741,ok,4.75,80.697395,5.5
704,ok,8.277778,78.63637,7.0
708,ok,7.5277777,67.085945,7.0
7,ok,10.319445,78.66762,12.5
589,ok,8.277778,73.44076,10.0
195,ok,22.351852,65.86782,10.333333
776,ok,10.555556,33.184727,14.666667
489,ok,9.111111,64.81715,11.25
1402,ok,14.638889,64.7309,17.0
22,ok,11.333334,78.24184,11.5
221,ok,8.0,66.934135,9.5
346,ok,4.8055553,68.265854,5.5
314,ok,5.1666665,66.23325,6.0
1134,ok,2.1111112,58.51604,2.0
579,ok,5.3333335,76.0,5.3333335
963,ok,9.0,56.052982,5.0
1406,ok,5.7222223,56.178696,8.0
1570,ok,4.388889,96.8916,6.0
695,ok,4.2777777,91.19472,5.6666665
526,ok,5.111111,79.91674,6.5
1499,ok,2.4166667,64.96559,5.0
1232,ok,8.583333,99.95848,6.0
1399,ok,6.25,78.5,7.5
798,ok,3.9166667,83.862564,5.5
984,ok,7.5,66.60804,10.0
173,ok,9.037036,82.42425,10.0
1713,ok,12.055555,77.834236,13.0
1606,ok,9.472222,59.5,11.0
1418,ok,10.944445,78.04913,11.5
243,ok,6.9444447,81.71759,10.75
43,ok,5.5555553,67.80731,6.5
1165,ok,2.8055556,75.087364,3.5
305,ok,7.0,85.826164,9.0
826,ok,3.6666667,73.705956,3.6666667
T3511,ok,17.296295,77.15791,14.666667
1046,ok,6.962963,50.333332,9.0
1767,ok,4.0925927,79.019035,4.6666665
1015,ok,4.185185,76.461296,5.3333335
1085,ok,10.888889,69.31037,16.5
566,ok,19.777779,67.18334,16.5
1729,ok,5.1666665,55.730843,4.5
988,ok,12.333334,77.5,13.0
1384,ok,1.0833334,74.559235,1.5
265,ok,10.25,82.72727,13.5
886,ok,1.3518518,95.38899,2.0
1145,ok,9.222222,94.44564,10.5
416,ok,8.972222,78.43797,10.5
493,ok,8.638889,65.6524,9.5
424,ok,8.388888,72.472244,9.0
874,ok,8.166666,63.498554,9.5
1234,ok,7.1388893,67.207794,8.5
807,ok,5.3703704,79.0,8.333333
1486,ok,10.055555,74.280205,9.0
519,ok,6.861111,66.39639,7.5
1045,ok,8.462963,77.899254,10.666667
488,ok,9.240741,70.15323,12.0
429,ok,3.777778,79.52713,5.0
1135,ok,7.2222223,68.380936,7.5
1025,ok,4.0185184,57.05658,5.3333335
528,ok,10.138889,99.38471,11.5
620,ok,14.138889,62.88855,14.5
264,ok,2.1666667,60.894108,3.0
408,ok,5.5925922,75.204544,6.3333335
833,ok,10.472222,62.96851,12.5
1158,ok,6.5555553,56.468697,7.0
205,ok,8.037037,75.231125,9.666667
525,ok,4.6666665,81.20703,6.0
1067,ok,10.222222,72.051865,5.6666665
89,ok,16.962961,71.97521,14.666667
1744,ok,10.694445,58.70383,10.5
1506,ok,7.3333335,66.5,7.6666665
1778,ok,5.888889,76.945915,8.0
503,ok,4.814815,67.90459,6.3333335
729,ok,9.305555,63.183926,10.0
998,ok,0.8333333,73.94446,1.0
217,ok,5.0,68.18182,7.0
644,ok,4.4166665,76.4287,4.5
403,ok,5.2777777,64.265976,6.3333335
711,ok,8.666667,73.86829,8.666667
1591,ok,8.537038,67.75372,8.333333
879,ok,5.111111,74.34114,6.6666665
499,ok,27.962961,74.50252,10.333333
315,ok,10.694445,32.41933,12.0
1398,ok,6.9722223,66.31557,9.5
21,ok,12.694445,94.99907,13.5
345,ok,3.4722223,69.30711,4.0
959,ok,4.8333335,66.854065,6.0
1170,ok,6.138889,75.92874,5.0
376,ok,3.8148148,68.93719,4.6666665
298,ok,5.5,66.76574,7.6666665
697,ok,13.388889,82.998695,14.0
1579,ok,8.805555,62.008293,11.0
770,ok,10.944445,88.95669,14.0
T3506,ok,7.7777777,68.979164,9.5
587,ok,6.0555553,61.0,8.0
733,ok,8.351852,62.70715,7.6666665
1367,ok,8.111111,67.146736,10.5
980,ok,3.25,76.54258,4.5
518,ok,6.6481476,83.56349,9.333333
1456,ok,4.5555553,84.06777,6.0
1202,ok,8.333334,83.01387,9.666667
1783,ok,2.4444444,85.85244,3.5
361,ok,5.7222223,71.52632,7.0
467,ok,7.208333,76.73608,8.5
930,ok,8.092592,68.8238,10.0
473,ok,5.111111,73.22538,6.6666665
288,ok,4.638889,85.80192,5.0
1412,ok,9.861111,71.96559,12.0
297,ok,6.888889,86.40753,9.0
818,ok,3.9166667,80.975746,4.0
375,ok,4.148148,69.27443,4.6666665
1775,ok,4.7777777,67.32931,6.0
146,ok,2.0,68.49894,3.0
474,ok,2.8888886,69.97608,2.6666667
1782,ok,6.0,64.26121,8.0
719,ok,10.814815,66.66667,12.0
1206,ok,5.574074,73.60117,6.6666665
792,ok,5.685185,84.38099,8.333333
1733,ok,3.6388888,71.602425,5.5
1221,ok,8.305555,76.0,4.5
1559,ok,2.6944444,78.5,3.5
832,ok,12.083334,98.89878,15.5
511,ok,9.018518,80.77644,10.0
1111,ok,17.194443,70.91805,14.5
877,ok,2.9722223,59.285446,5.5
853,ok,9.916666,95.48387,11.5
791,ok,6.814815,76.8926,6.0
1538,ok,3.1666665,54.331497,3.0
1779,ok,8.0,67.88961,9.5
1066,ok,2.8333333,58.459625,6.3333335
T3503,ok,9.648149,129.8206,11.0
285,ok,8.796296,62.0,10.666667
747,ok,7.4722223,61.220398,5.5
1494,ok,5.333333,48.199574,7.5
304,ok,1.2222222,82.4261,1.5
1716,ok,8.222222,59.961044,9.0
1161,ok,3.6666665,64.666664,5.0
278,ok,12.916666,110.06493,15.0
629,ok,12.694445,62.09761,15.0
445,ok,4.2037034,58.52141,5.3333335
281,ok,10.333334,71.42022,10.0
1449,ok,10.138889,55.397026,13.0
821,ok,6.916667,73.59227,8.5
949,ok,6.2592587,73.90477,8.666667
1492,ok,10.5,84.80631,11.5
30,ok,11.185185,72.99354,12.0
1708,ok,10.652779,70.09396,11.75
410,ok,18.416668,58.0,19.0
842,ok,2.0833333,63.33628,2.5
1585,ok,5.0833335,80.49127,5.5
232,ok,16.555555,76.55243,17.333334
1725,ok,5.9722223,76.31626,6.5
1011,ok,9.12963,74.5,11.333333
1157,ok,5.0833335,80.0252,6.0
80,ok,9.666667,76.47061,14.5
127,ok,10.277779,78.13635,12.0
1453,ok,5.203704,54.799744,6.6666665
861,ok,0.4722222,69.98589,0.5
496,ok,4.962963,72.19252,6.0
394,ok,12.055556,59.3868,10.666667
1390,ok,4.5,68.284584,6.0
953,ok,4.138889,77.838264,5.0
1611,ok,9.694445,71.18875,8.5
1166,ok,4.5277777,63.75937,3.5
929,ok,6.1296296,64.124374,8.333333
775,ok,17.597221,69.11147,11.0
573,ok,9.75,41.163937,11.5
743,ok,7.416667,64.44482,9.0
860,ok,7.777778,88.20603,9.0
479,ok,11.425926,74.21385,11.666667
1042,ok,9.9814825,55.272396,12.666667
1041,ok,12.305555,67.86004,15.5
125,ok,3.833333,61.5,5.25
319,ok,9.944445,67.495605,9.5
1607,ok,8.611112,61.020836,10.0
8,ok,7.722222,81.217636,9.5
881,ok,7.1666665,75.46593,9.0
1192,ok,5.8888893,79.20368,6.3333335
1171,ok,7.055556,70.0243,7.0
341,ok,17.722221,70.84223,17.0
T3501,ok,7.2962966,54.484566,8.666667
122,ok,5.1666665,67.666664,5.3333335
1568,ok,2.25,53.95581,2.5
246,ok,3.592593,76.77495,5.3333335
654,ok,7.5185184,67.84734,11.333333
787,ok,9.87037,89.723854,10.333333
1478,ok,6.416667,69.458824,6.5
1602,ok,4.4722223,67.88011,5.5
710,ok,6.6944447,91.481186,10.5
32,ok,5.666667,86.84955,7.0
788,ok,9.708333,89.231,10.25
1370,ok,6.75,68.76828,7.5
423,ok,9.425925,72.62811,10.0
377,ok,5.4722223,69.55532,7.0
1203,ok,7.2962966,65.56087,7.0
884,ok,1.037037,68.70756,1.6666666
209,ok,4.388889,79.854546,4.0
1366,ok,9.194445,61.824867,11.5
1753,ok,11.194445,74.76807,12.5
848,ok,9.361111,69.5,7.0
887,ok,2.6296296,57.46644,3.6666667
537,ok,7.8611107,77.06902,9.0
1603,ok,6.6944447,70.888794,8.0
778,ok,8.680555,73.6534,9.25
52,ok,12.166666,62.15251,12.75
254,ok,7.166667,60.245197,8.75
1610,ok,10.305555,46.934887,10.0
1809,ok,5.152777,62.612873,6.0
1493,ok,3.3611112,61.5,4.5
1191,ok,2.5,92.57439,3.0
1784,ok,2.25,86.907196,3.0
590,ok,13.277778,66.66667,14.0
420,ok,2.4444444,57.512363,3.0
1774,ok,7.814815,69.073425,6.6666665
322,ok,19.055555,57.773895,13.0
1735,ok,7.9722223,37.547085,8.5
768,ok,14.638889,70.5,13.0
412,ok,5.722222,56.49379,7.0
1813,ok,5.2592587,70.85691,6.6666665
1702,ok,6.9722223,62.333332,9.0
276,ok,10.277778,70.5,10.5
779,ok,26.027779,68.14249,16.0
1475,ok,6.3055553,43.28836,7.0
132,ok,12.305555,72.74704,13.0
665,ok,7.2037034,62.538628,9.0
1561,ok,7.888889,72.650085,9.0
1467,ok,6.861111,85.17355,7.0
130,ok,7.6111107,62.676605,8.0
935,ok,7.361111,79.40261,9.0
1758,ok,4.5277777,70.42194,6.0
1047,ok,6.444444,79.0,8.0
962,ok,6.6666665,79.83961,8.0
1405,ok,18.944445,76.39041,14.5
856,ok,3.0833333,52.944977,4.5
979,ok,4.1666665,78.5914,5.5
682,ok,4.537037,76.42308,5.3333335
664,ok,5.2037034,72.4123,9.333333
849,ok,7.416667,76.84171,9.0
830,ok,5.1944447,58.547455,7.5
667,ok,6.925926,61.827522,8.333333
1814,ok,10.25,70.637024,10.25
1736,ok,12.944445,57.0,12.5
738,ok,9.75,70.5,10.0
1122,ok,5.462963,70.46452,7.6666665
1711,ok,7.966666,96.32003,8.2
348,ok,6.0555553,62.8,6.6666665
63,ok,9.527778,68.56756,10.0
942,ok,6.694444,53.948334,8.0
401,ok,3.9722223,78.15232,3.0
931,ok,5.6296296,55.437584,6.3333335
829,ok,7.5277777,66.7808,12.0
941,ok,4.6944447,74.46811,5.5
873,ok,2.0277777,73.10271,3.0
349,ok,1.5925926,85.80409,1.6666666
425,ok,7.7777777,80.170235,9.0
1523,ok,2.0277777,68.24586,2.5
859,ok,5.9074073,90.421814,7.3333335
192,ok,10.092593,75.14589,10.0
166,ok,10.611111,67.32504,10.666667
999,ok,3.5833335,71.02918,4.5
1531,ok,4.2222223,71.84509,4.5
1028,ok,15.833334,79.96653,13.0
938,ok,7.111111,58.98858,8.5
574,ok,5.2222223,71.09894,6.5
151,ok,11.972221,68.06543,13.0
565,ok,10.444445,72.70466,10.5
66,ok,10.138889,64.459045,11.0
1100,ok,4.2777777,58.330605,4.5
1044,ok,7.5833335,69.5,10.0
67,ok,9.916667,93.40909,12.5
1751,ok,8.083333,62.8125,6.5
320,ok,9.5,67.0,9.5
572,ok,10.611111,67.239624,10.666667
1201,ok,11.222221,60.665997,12.0
404,ok,3.0555556,71.298134,4.6666665
381,ok,6.425926,83.723175,8.666667
1737,ok,6.083333,64.832405,6.5
552,ok,8.486111,75.0,9.25
612,ok,10.944445,68.33838,13.0
604,ok,6.111111,70.151886,8.5
625,ok,13.444445,69.56107,12.0
854,ok,11.833333,58.82795,11.0
813,ok,5.583333,69.43022,8.0
958,ok,3.0370371,75.77657,3.6666667
1422,ok,10.027779,71.58527,12.5
599,ok,10.277778,93.86131,11.0
1752,ok,6.888889,64.49745,6.0
922,ok,4.388889,72.0,8.0
1121,ok,2.1851852,73.94627,3.3333333
1110,ok,26.666666,105.88843,8.666667
1031,ok,6.111111,36.420376,7.6666665
677,ok,5.9722223,76.88421,4.5
81,ok,8.6851845,67.4396,10.333333
1233,ok,4.638889,89.43674,3.5
1105,ok,12.740741,80.5,14.333333
1395,ok,13.194445,76.32282,13.0
273,ok,11.694445,67.86656,13.5
801,ok,2.0555556,74.03755,3.6666667
450,ok,5.4722223,73.426575,6.0
522,ok,5.3518524,75.23561,7.0
598,ok,9.361111,68.17959,12.0
714,ok,4.7962966,72.01406,5.6666665
148,ok,15.055555,71.25538,18.0
11,ok,4.236111,78.799065,10.25
766,ok,13.277779,72.097824,15.0
62,ok,12.972222,72.98177,13.0
36,ok,14.0,67.79245,14.0
1143,ok,6.1666665,74.43794,7.5
393,ok,6.1666665,86.264824,7.6666665
338,ok,17.25,70.5451,9.0
170,ok,5.1666665,64.60347,7.0
1734,ok,1.3888888,59.428154,2.0
933,ok,7.6388884,73.0,8.0
327,ok,9.472221,69.038475,11.5
1139,ok,2.1666667,54.833275,2.0
214,ok,5.3333335,46.153847,5.0
1723,ok,7.305556,63.540207,6.0
271,ok,13.416666,69.5,15.0
966,ok,5.0555553,66.82008,7.5
512,ok,3.1666667,79.43642,4.3333335
1600,ok,5.75,79.08297,7.0
1581,ok,15.583333,84.22055,14.5
1582,ok,3.0,62.88499,3.5
501,ok,3.1111112,91.47537,4.5
260,ok,3.5,70.47612,4.5
1361,ok,4.0185184,58.905357,4.3333335
325,ok,6.7222223,74.333336,10.0
383,ok,4.611111,60.241478,7.0
238,ok,4.9722223,67.28748,6.0
1556,ok,10.722222,60.30617,13.0
1389,ok,4.5,76.875534,4.0
1469,ok,7.666667,47.076855,8.5
1514,ok,3.25,66.089874,4.5
1718,ok,10.222222,87.16783,11.666667
1457,ok,5.75,59.034985,7.5
388,ok,10.148149,85.76607,10.333333
1059,ok,3.7592592,60.77618,4.6666665
939,ok,4.138889,98.23802,5.5
1131,ok,6.25,68.55597,3.5
759,ok,3.9166667,78.5,5.0
658,ok,10.740741,73.33172,12.333333
1461,ok,11.638889,67.26513,12.0
1546,ok,3.9166665,71.27091,4.5
1381,ok,2.5555556,77.667114,3.5
1476,ok,4.611111,84.71591,5.5
764,ok,5.722222,80.38918,6.0
248,ok,6.013889,70.11233,7.0
302,ok,3.0555553,58.392258,3.5
569,ok,9.759259,58.904198,13.666667
864,ok,2.7592592,77.41021,3.6666667
459,ok,7.0277777,89.48929,8.5
359,ok,4.2222223,75.1865,5.0
14,ok,11.666667,66.211876,12.0
921,ok,7.1111116,54.46753,9.5
946,ok,8.5,70.00568,10.0
T3505,ok,6.9166665,73.78938,7.5
1204,ok,10.083334,67.0,12.5
1706,ok,11.981481,83.795395,13.666667
353,ok,6.5555553,63.333332,9.0
1510,ok,4.9259257,61.01046,5.0
553,ok,11.055556,76.09121,11.25
1365,ok,2.537037,59.078613,3.0
580,ok,3.3518517,65.7732,4.3333335
382,ok,6.4074073,64.96331,8.666667
1452,ok,6.6666665,66.14083,7.0
1455,ok,14.111111,77.279015,17.5
343,ok,25.055557,82.59595,19.5
1750,ok,12.527778,48.050377,12.5
470,ok,3.5555556,70.5,4.6666665
472,ok,3.074074,85.193146,4.0
583,ok,6.462963,84.606346,7.6666665
543,ok,7.277778,63.90611,9.333333
365,ok,7.8888893,67.41953,9.0
199,ok,6.9444447,55.436184,4.0
955,ok,4.111111,43.98545,5.0
577,ok,7.962963,90.967865,9.0
669,ok,6.2222223,59.319626,7.5
1058,ok,4.7037034,77.88049,5.3333335
899,ok,8.111111,63.429752,8.5
239,ok,12.083334,55.32749,11.5
455,ok,6.9444447,54.006073,8.5
76,ok,17.537039,76.67672,11.0
633,ok,4.5694447,40.666668,6.75
536,ok,6.611111,78.660965,10.0
1063,ok,6.1944447,66.984474,6.5
124,ok,5.0416665,66.36971,7.0
110,ok,13.148149,63.691452,14.0
671,ok,8.861111,65.0,8.5
23,ok,5.3333335,75.78078,7.0
47,ok,10.611111,77.045456,13.0
851,ok,7.1388893,70.26357,5.5
447,ok,6.4722223,51.129448,6.5
27,ok,6.0277777,66.3418,8.0
672,ok,3.1111112,90.44047,4.0
25,ok,7.7222223,87.83423,9.0
1805,ok,0.24074073,75.36899,0.33333334
1118,ok,3.611111,69.230774,3.6666667
902,ok,6.111111,69.57342,6.0
351,ok,6.2777777,63.52262,8.5
64,ok,9.037037,58.90444,9.0
834,ok,13.083334,63.15434,12.0
1376,ok,4.3333335,49.102123,4.0
678,ok,3.111111,72.81468,4.5
139,ok,5.7777777,89.181816,7.0
1722,ok,3.0,57.548077,5.0
831,ok,6.1388884,73.0,7.0
409,ok,7.3703704,70.55417,8.666667
1720,ok,3.25,69.534355,1.5
35,ok,4.1944447,60.5,4.5
928,ok,7.7962966,79.450424,10.333333
1731,ok,1.6666667,70.943886,2.5
1727,ok,4.2222223,77.5,4.0
108,ok,17.055555,71.5,14.0
893,ok,4.4814816,48.93453,5.3333335
129,ok,9.018518,70.18012,9.0
896,ok,5.481481,75.6066,6.3333335
128,ok,6.9027777,69.19051,8.75
1132,ok,7.0277777,77.70819,5.0
284,ok,11.666667,80.0,14.333333
1363,ok,5.7962966,65.14097,6.3333335
60,ok,13.208334,70.333336,13.0
500,ok,10.666667,66.80617,10.0
1220,ok,10.638889,62.363667,10.0
1442,ok,1.9166667,65.5,2.5
4,ok,14.930555,81.36864,14.75
803,ok,4.6666665,66.61796,5.3333335
617,ok,8.722222,60.15512,12.5
1511,ok,8.222222,59.861633,9.5
145,ok,8.027778,83.31575,8.0
1374,ok,5.3333335,54.324585,7.0
18,ok,4.4444447,83.14582,5.0
1213,ok,9.083333,65.85744,9.5
971,ok,9.944445,68.0,11.5
149,ok,16.574076,71.35011,15.0
336,ok,14.666667,65.06918,17.0
1193,ok,4.7962966,66.160416,5.6666665
301,ok,4.2777777,83.76352,4.5
120,ok,16.851852,58.22937,13.333333
333,ok,17.0,45.0,15.0
1572,ok,3.1944442,54.716454,4.0
1383,ok,3.6388888,77.325,4.0
509,ok,30.518518,72.84984,15.333333
595,ok,10.083334,34.205837,12.0
1807,ok,7.8055553,70.201385,8.5
763,ok,10.805555,59.0,13.0
777,ok,10.347222,63.930016,11.0
915,ok,7.4444447,66.69192,11.0
748,ok,3.8888888,95.21098,5.0
86,ok,17.833332,69.545456,13.0
495,ok,4.8333335,45.277237,6.5
389,ok,8.796296,58.266624,9.333333
142,ok,4.462963,65.8357,6.0
277,ok,9.472222,78.21424,13.0
28,ok,10.722221,65.842285,12.5
1153,ok,8.472221,72.68229,10.0
628,ok,17.833334,80.27973,17.0
524,ok,4.0,57.41291,4.5
1162,ok,7.5277777,63.821075,9.5
93,ok,16.407408,100.99715,16.666666
1741,ok,6.7222223,56.011555,6.0
1035,ok,7.518519,70.0,8.333333
1615,ok,8.777778,73.4307,10.5
1739,ok,3.1666665,71.84862,3.5
515,ok,8.814815,74.5,9.666667
837,ok,6.5,72.29874,6.0
871,ok,4.0277777,56.984085,5.5
603,ok,3.0833333,88.60252,3.5
825,ok,3.7777777,66.043915,4.3333335
171,ok,12.888889,77.27273,15.0
731,ok,10.277778,71.41457,11.666667
1185,ok,8.759259,70.0536,9.0
1459,ok,6.111111,74.773155,7.0
208,ok,14.240741,73.734566,15.666667
947,ok,5.861111,77.30375,7.5
1050,ok,12.0,85.50179,13.333333
247,ok,4.648148,77.16596,7.0
529,ok,5.25,71.26211,7.0
362,ok,5.0833335,64.30819,6.5
1800,ok,13.0,77.05693,14.0
460,ok,5.2777777,54.489925,6.5
78,ok,8.703704,69.411194,9.333333
852,ok,6.138889,64.35263,6.0
119,ok,4.3333335,61.168045,6.0
746,ok,3.75,56.0,5.0
235,ok,2.3888888,58.91738,3.5
1447,ok,3.3333333,81.46333,4.3333335
1816,ok,9.12963,72.95951,8.666667
183,ok,16.462961,59.333332,14.333333
1029,ok,11.194445,56.987854,10.5
546,ok,14.472222,61.193516,13.0
204,ok,9.166667,57.57467,9.0
857,ok,6.185185,75.19834,7.0
T3502,ok,4.574074,73.48283,5.3333335
318,ok,8.055555,63.0,10.0
1065,ok,6.777778,67.67903,8.333333
722,ok,9.277778,71.11268,10.5
756,ok,6.083333,59.38478,7.0
430,ok,8.416666,63.27797,10.5
53,ok,8.013889,77.89653,10.25
1463,ok,2.4074075,69.431435,3.0
1024,ok,4.6666665,70.59546,6.5
1703,ok,3.8055553,83.8366,4.0
1726,ok,4.666667,60.5,7.0
291,ok,2.8148148,79.0,2.6666667
321,ok,9.472222,52.0491,11.5
413,ok,4.5185184,66.29878,5.6666665
1714,ok,7.5555553,69.87902,9.5
1222,ok,12.361111,65.0,12.0
550,ok,5.8333335,68.5,7.3333335
158,ok,8.611111,74.34232,11.5
252,ok,5.736111,79.38251,6.75
212,ok,4.416667,73.46768,5.0
780,ok,16.88889,56.573647,15.333333
1420,ok,11.138889,54.83849,10.5
707,ok,6.7222223,69.393265,8.5
692,ok,5.777778,71.71382,7.0
841,ok,2.9444444,81.49521,3.5
684,ok,8.648149,73.21679,11.0
1147,ok,12.444445,81.41822,13.0
858,ok,1.1296296,65.97082,1.6666666
240,ok,5.0,84.438324,6.3333335
1557,ok,3.6666665,76.96482,5.0
767,ok,14.111112,98.2307,15.0
1016,ok,7.722223,66.6508,9.0
843,ok,4.5833335,70.28541,5.5
1183,ok,4.888889,80.239426,6.6666665
1522,ok,1.7222222,84.10717,2.5
216,ok,14.5,96.666664,12.0
457,ok,6.4722223,63.979385,8.0
1364,ok,8.111111,71.1409,10.0
1211,ok,5.5555553,67.24782,9.0
894,ok,3.7222223,67.0,5.6666665
31,ok,8.574074,76.66311,10.0
1535,ok,1.8888888,74.036064,4.5
177,ok,8.111112,87.23262,8.5
992,ok,2.0555556,73.74793,2.5
13,ok,6.4444447,87.479706,8.0
461,ok,7.111111,87.17569,9.5
1763,ok,5.3055553,80.475525,5.0
97,ok,9.796296,73.5,9.333333
1382,ok,3.6388888,61.311916,4.5
1613,ok,5.8055553,78.89378,7.0
1086,ok,10.194445,70.71943,11.0
1540,ok,2.9166667,66.628555,4.0
1448,ok,5.7592587,91.30643,7.3333335
449,ok,6.3333335,70.32205,8.666667
769,ok,13.333334,83.16564,12.0
1033,ok,4.037037,60.78866,5.0
1477,ok,5.833333,85.73005,7.0
892,ok,6.314815,70.909096,9.0
1749,ok,4.7222223,74.931145,6.0
428,ok,6.138889,71.0,7.0
986,ok,5.9444447,73.51267,7.0
956,ok,3.6481483,78.688446,4.6666665
485,ok,5.4814816,75.19979,6.0
797,ok,4.8611107,70.92744,6.0
786,ok,6.277778,60.0945,6.6666665
1077,ok,11.583333,63.78215,8.5
1704,ok,10.583333,50.991318,13.0
557,ok,6.1666665,63.0,7.3333335
82,ok,6.7777777,63.560345,8.5
983,ok,9.75,84.375,12.0
1804,ok,3.1388888,77.03928,4.0
159,ok,4.833333,66.72079,6.5
534,ok,4.5555553,61.760498,4.5
961,ok,4.9074073,67.48007,5.6666665
197,ok,21.703705,70.18801,13.333333
724,ok,14.277778,40.0,15.5
828,ok,6.0,71.634796,8.0
245,ok,6.5000005,80.54527,8.75
656,ok,3.1111112,71.65817,5.0
1468,ok,4.4722223,69.03409,5.5
555,ok,4.888889,67.55809,7.0
765,ok,13.472222,66.27408,13.0
554,ok,8.569445,62.386887,9.5
1588,ok,4.8055553,64.86769,6.5
1238,ok,4.7777777,95.26402,4.5
468,ok,15.666667,78.0,15.0
1504,ok,10.222222,64.2645,10.0
1740,ok,5.638889,75.06984,5.5
55,ok,11.416667,74.0,12.75
1601,ok,8.416667,61.97583,10.5
1616,ok,5.361111,88.69924,6.0
705,ok,10.583334,69.90431,9.5
446,ok,7.666667,67.35301,9.5
1038,ok,0.6666667,69.00948,1.0
253,ok,4.25,75.0,6.0
809,ok,6.851852,73.79907,12.0
1188,ok,6.185185,65.9376,5.3333335
1210,ok,11.833334,64.31139,11.0
433,ok,10.444445,87.0,11.5
835,ok,7.166667,72.98541,6.5
516,ok,10.203704,44.639168,12.666667
895,ok,5.814815,79.83715,8.0
255,ok,5.0,78.38523,4.75
1512,ok,4.25,73.89901,5.5
549,ok,22.518518,80.973305,14.0
223,ok,10.203704,64.89933,9.0
1547,ok,7.7777777,59.152447,7.5
337,ok,9.444445,70.18069,11.0
898,ok,6.0555553,68.29412,8.5
1369,ok,2.9259262,76.921486,4.0
1160,ok,9.416666,85.91679,10.0
1385,ok,2.3888888,76.72377,3.0
657,ok,8.944444,81.36684,10.666667
51,ok,6.1296296,64.3373,6.3333335
366,ok,5.5555553,50.81772,6.0
578,ok,6.6111107,58.909092,8.333333
198,ok,15.907407,66.41455,14.0
973,ok,6.0925927,59.666668,7.3333335
619,ok,3.75,76.60796,3.0
317,ok,8.888889,49.84243,9.5
987,ok,7.388889,48.23693,8.0
1167,ok,2.0833333,71.02139,2.5
758,ok,6.5277777,101.2987,7.0
1802,ok,7.111111,66.58208,8.5
888,ok,4.8333335,60.027756,7.0
358,ok,3.8888888,75.90631,4.0
755,ok,12.75,51.394585,16.5
694,ok,5.629629,56.762936,6.6666665
796,ok,2.3888888,73.31819,3.5
1411,ok,11.638889,73.17344,16.5
1470,ok,4.611111,84.89975,5.0
1052,ok,5.2962966,63.551292,6.0
749,ok,2.6111112,79.81147,4.0
1536,ok,2.5555556,97.07536,4.0
1586,ok,4.7222223,75.357834,4.5
1387,ok,1.6111112,72.785065,2.0
1200,ok,5.7407413,70.53292,7.0
721,ok,10.240741,84.15695,11.0
586,ok,19.916666,67.638535,16.0
58,ok,8.958332,39.243576,9.75
1745,ok,4.9722223,69.430374,6.5
584,ok,5.925926,72.5,7.0
283,ok,9.259259,68.53668,11.666667
845,ok,5.0555553,69.17892,5.0
1181,ok,5.9814816,61.89155,7.6666665
1182,ok,2.7777777,81.52847,4.0
1485,ok,5.583333,78.545456,6.5
1755,ok,2.4444444,82.174286,2.5
1080,ok,13.25,65.5,13.5
369,ok,3.8333335,73.4048,4.5
176,ok,7.7777777,65.08264,11.0
1421,ok,3.9444444,86.78571,4.0
1198,ok,4.0740743,69.14213,5.0
740,ok,5.388889,86.68275,6.5
1724,ok,5.1666665,73.397224,3.5
614,ok,4.3333335,82.0,6.5
539,ok,6.7222223,69.53598,8.5
533,ok,13.611111,71.962814,14.5
1199,ok,8.018519,63.9228,9.333333
1159,ok,6.388889,80.84842,7.0
1803,ok,6.166667,85.537186,7.0
600,ok,7.9722223,56.83056,8.5
720,ok,12.314815,63.123085,13.0
1513,ok,3.25,68.86042,5.0
936,ok,5.0555553,98.86364,5.5
357,ok,2.8888888,65.606834,3.5
421,ok,14.722222,64.04221,12.0
1020,ok,6.916667,60.452835,8.0
1560,ok,6.5555553,81.215126,6.5
267,ok,1.6666667,72.43245,3.0
1759,ok,4.611111,106.87181,5.0
1360,ok,2.7962961,75.0,3.3333333
1738,ok,5.611111,75.666664,7.0
1034,ok,5.805556,76.5,5.0
494,ok,7.2037034,55.319744,8.333333
1141,ok,8.527778,71.89656,9.5
286,ok,7.055556,75.65697,9.333333
1450,ok,5.4888887,70.06552,7.4
310,ok,4.416667,85.61075,5.5
1039,ok,0.7407408,63.38497,1.0
133,ok,10.0,67.94872,11.5
153,ok,2.8333333,57.472828,3.0
1239,ok,10.055555,78.20856,6.5
556,ok,8.444444,85.0,10.0
972,ok,6.9444447,52.011845,8.0
610,ok,4.611111,70.83107,6.0
414,ok,11.703704,76.41774,16.0
1053,ok,6.5185184,62.13445,8.333333
465,ok,6.111111,73.61695,7.6666665
952,ok,3.1666667,64.71359,4.0
1743,ok,16.527779,74.56337,15.5
991,ok,11.166666,56.5,6.5
57,ok,12.666666,78.50325,12.5
1795,ok,7.1666665,63.99951,7.0
307,ok,4.4444447,48.83721,6.0
1187,ok,5.2592597,74.25,5.0
350,ok,12.444445,69.35377,13.5
215,ok,9.925926,56.53409,9.666667
37,ok,8.888889,67.527855,9.5
230,ok,5.0,75.22248,7.0
989,ok,6.6111107,92.34733,7.0
570,ok,8.907407,61.270035,11.666667
1373,ok,5.138889,67.715614,6.5
1584,ok,8.555555,79.66496,7.5
1396,ok,6.888889,47.453556,8.0
1197,ok,8.986112,69.372505,10.25
175,ok,21.194445,79.23093,16.0
328,ok,37.88889,64.072174,12.0
976,ok,4.083333,16.195683,5.5
56,ok,9.972222,81.13881,11.25
1487,ok,7.5,64.58336,8.0
268,ok,2.6666665,73.784966,3.5
355,ok,9.083334,80.97301,11.0
T3508,ok,15.518519,49.17046,14.0
462,ok,4.5,51.666668,6.0
415,ok,7.1296296,93.93939,10.666667
233,ok,7.3888893,69.143715,10.0
1368,ok,2.6666665,68.59833,3.5
937,ok,5.2777777,79.41559,6.5
311,ok,7.5555553,71.3195,8.5
1796,ok,12.138889,59.18226,14.5
1780,ok,2.4166665,59.64909,3.0
506,ok,8.166667,60.432854,9.0
957,ok,2.7407405,63.836193,2.6666667
296,ok,10.592593,66.562614,11.0
490,ok,11.240741,67.92042,12.0
386,ok,9.87037,63.965343,10.333333
61,ok,15.611111,65.04307,15.5
29,ok,12.444445,66.66384,13.0
655,ok,4.388889,67.1999,6.0
1808,ok,11.962963,70.8299,13.333333
790,ok,8.703704,59.666668,9.666667
1730,ok,2.6666667,61.07973,2.5
568,ok,6.722222,64.5,8.0
685,ok,6.277778,65.02204,8.666667
77,ok,9.333334,83.37548,11.0
103,ok,16.444445,84.65804,15.0
596,ok,8.472222,54.000187,10.5
20,ok,9.916666,70.859505,12.0
241,ok,8.194445,75.508026,8.0
882,ok,2.7407408,57.23754,3.6666667
869,ok,1.6666666,73.835236,2.0
1528,ok,1.7037035,60.000004,2.0
726,ok,11.638889,86.68778,14.0
762,ok,4.5277777,74.41617,6.5
274,ok,4.5555553,79.944916,6.0
219,ok,5.1666665,72.2119,6.3333335
679,ok,5.0833335,83.559425,7.0
59,ok,10.152778,87.6541,10.25
1106,ok,14.777778,69.160904,11.0
33,ok,6.7222223,55.205456,10.0
T3510,ok,12.638889,96.68662,12.0
367,ok,2.1388888,59.0,3.5
502,ok,4.138889,56.470905,5.5
810,ok,6.7962956,65.57458,10.333333
15,ok,7.0277777,73.618385,9.0
1429,ok,5.666667,79.39193,7.5
1061,ok,7.1296296,89.03807,6.6666665
441,ok,9.555555,78.260155,8.5
605,ok,2.8055556,64.98851,3.0
800,ok,7.222223,60.80844,11.0
1394,ok,8.833333,69.22828,8.5
1715,ok,10.777778,66.53493,11.5
1407,ok,4.5,69.5,7.0
1177,ok,3.6666665,90.50505,4.0
46,ok,9.138889,77.224884,11.0
885,ok,2.7037039,73.729996,3.6666667
911,ok,6.25,82.69858,6.5
760,ok,12.972222,70.36397,15.0
453,ok,9.166667,78.25729,10.5
1172,ok,3.0555553,63.26033,4.0
1115,ok,6.333333,86.551285,6.0
49,ok,8.75,78.29477,10.5
1112,ok,42.305557,67.53612,12.0
2,ok,9.592593,22.012833,10.333333
751,ok,5.3055553,61.983677,8.5
1709,ok,10.972222,59.6941,13.0
1417,ok,5.3333335,61.30224,6.5
1761,ok,7.7222223,82.5213,7.5
484,ok,5.388889,72.5,7.0
1541,ok,4.055556,80.89035,4.5
187,ok,10.462962,73.74518,12.666667
38,ok,7.138889,64.0,9.0
427,ok,6.138889,85.660576,6.5
1064,ok,5.3703704,74.60664,7.3333335
875,ok,8.027778,88.24876,12.5
387,ok,6.3333335,80.57579,7.0
432,ok,7.0555553,67.879425,7.0
1818,ok,27.055557,67.33757,10.0
250,ok,5.1388893,27.0,6.75
211,ok,3.3888888,71.161194,3.5
442,ok,15.805555,59.33864,15.0
585,ok,8.611111,68.13983,6.5
683,ok,6.462963,58.776978,6.6666665
391,ok,10.296296,68.94578,11.666667
435,ok,11.333334,63.740295,12.5
380,ok,10.962963,68.46276,11.666667
156,ok,13.805555,61.91412,14.0
280,ok,6.75,70.82526,7.5
326,ok,8.138889,72.92996,11.0
761,ok,13.611111,56.36326,17.0
335,ok,8.888889,63.942978,10.0
1155,ok,4.9722223,66.58814,6.0
1464,ok,1.6851851,74.28621,2.0
259,ok,5.2083335,68.16927,6.25
